app_name,posted_year,recommend
Team Fortress 2,2014.0,268
Unturned,2014.0,265
Rust,2014.0,240
DayZ,2014.0,208
Counter-Strike: Global Offensive,2015.0,199
Garry's Mod,2014.0,168
Emily is Away,2015.0,140
Counter-Strike: Global Offensive,2014.0,123
Unturned,2015.0,120
Team Fortress 2,2013.0,120
Garry's Mod,2015.0,112
Rust,2015.0,102
Team Fortress 2,2015.0,88
Terraria,2015.0,88
Rocket League®,2015.0,80
ARK: Survival Evolved,2015.0,80
Goat Simulator,2014.0,75
Garry's Mod,2013.0,74
The Forest,2014.0,70
Clicker Heroes,2015.0,70
Terraria,2014.0,68
Borderlands 2,2014.0,68
Robocraft,2015.0,66
Loadout,2014.0,66
Realm of the Mad God,2014.0,65
BattleBlock Theater®,2014.0,56
The Binding of Isaac,2014.0,56
Trove,2015.0,54
PlanetSide 2,2014.0,54
Team Fortress 2,2012.0,54
Starbound,2013.0,50
Starbound,2014.0,50
The Forest,2015.0,45
No More Room in Hell,2014.0,45
AdVenture Capitalist,2015.0,42
Super Hexagon,2014.0,42
DayZ,2015.0,40
Five Nights at Freddy's,2014.0,40
Warframe,2015.0,40
POSTAL 2,2014.0,39
Grand Theft Auto V,2015.0,36
Robocraft,2014.0,36
ORION: Prelude,2014.0,36
Warframe,2014.0,34
Arma 3,2015.0,33
Heroes & Generals,2015.0,32
HuniePop,2015.0,32
DayZ,2013.0,32
Terraria,2013.0,32
METAL GEAR SOLID V: THE PHANTOM PAIN,2015.0,30
Spiral Knights,2015.0,30
Reign Of Kings,2015.0,30
Starbound,2015.0,30
Rust,2013.0,30
PlanetSide 2,2013.0,30
Undertale,2015.0,30
Cry of Fear,2014.0,30
Project Zomboid,2014.0,28
Saints Row IV,2014.0,28
Awesomenauts - the 2D moba,2014.0,28
Toribash,2014.0,28
Left 4 Dead 2,2014.0,28
Game Dev Tycoon,2014.0,28
Terraria,2012.0,28
FTL: Faster Than Light,2014.0,27
Outlast,2014.0,27
The Plan,2014.0,27
Borderlands 2,2015.0,26
Realm of the Mad God,2015.0,25
SpeedRunners,2015.0,25
Castle Crashers®,2015.0,25
Nether: Resurrected,2014.0,25
Hurtworld,2015.0,24
This War of Mine,2015.0,24
Pixel Piracy,2014.0,24
Elsword,2014.0,24
Insurgency,2015.0,24
State of Decay,2014.0,24
Arma 3,2014.0,24
Portal 2,2014.0,22
DARK SOULS™: Prepare To Die™ Edition,2014.0,22
Mount & Blade: Warband,2014.0,22
Life is Strange - Episode 1,2015.0,22
Chivalry: Medieval Warfare,2014.0,22
Red Orchestra 2: Heroes of Stalingrad with Rising Storm,2014.0,21
Banished,2014.0,21
Prison Architect,2015.0,21
Outlast,2015.0,21
Cry of Fear,2013.0,21
Fistful of Frags,2014.0,21
Don't Starve Together,2015.0,21
Terraria,2011.0,20
Spooky's Jump Scare Mansion,2015.0,20
Broforce,2014.0,20
ORION: Prelude,2015.0,20
Cities: Skylines,2015.0,20
AirMech Strike,2014.0,20
Toribash,2015.0,20
Realm of the Mad God,2013.0,20
Awesomenauts - the 2D moba,2015.0,20
Left 4 Dead 2,2013.0,19
Town of Salem,2015.0,18
No More Room in Hell,2015.0,18
Surgeon Simulator,2013.0,18
Surgeon Simulator,2014.0,18
Portal 2,2015.0,18
Hotline Miami,2015.0,18
Fistful of Frags,2015.0,18
DARK SOULS™ II,2014.0,18
FTL: Faster Than Light,2013.0,18
Stranded Deep,2015.0,18
Super Hexagon,2015.0,18
Dirty Bomb®,2015.0,18
Goat Simulator,2015.0,18
Super Hexagon,2013.0,18
Spiral Knights,2014.0,18
Dead Realm,2015.0,16
Dungeon Defenders,2015.0,16
Mount & Blade: Warband,2015.0,16
Defiance,2014.0,16
MapleStory,2014.0,16
Killing Floor,2014.0,16
Warframe,2013.0,16
the static speaks my name,2015.0,16
The Binding of Isaac,2015.0,16
Team Fortress 2,2011.0,16
Hotline Miami,2014.0,16
Chivalry: Medieval Warfare,2015.0,16
Killing Floor,2013.0,16
BattleBlock Theater®,2015.0,16
Chivalry: Medieval Warfare,2013.0,16
Just Cause 2,2013.0,16
Plague Inc: Evolved,2014.0,16
APB Reloaded,2014.0,15
Counter-Strike: Global Offensive,2013.0,15
Surgeon Simulator,2015.0,15
Nuclear Throne,2015.0,15
GunZ 2: The Second Duel,2014.0,15
Carpe Diem,2015.0,15
POSTAL 2,2015.0,15
FTL: Faster Than Light,2015.0,15
Realm of the Mad God,2012.0,15
Monaco: What's Yours Is Mine,2014.0,15
The Walking Dead,2013.0,14
The Way of Life Free Edition,2015.0,14
Mabinogi,2015.0,14
Middle-earth™: Shadow of Mordor™,2014.0,14
Tomb Raider,2015.0,14
DARK SOULS™: Prepare To Die™ Edition,2015.0,14
Borderlands 2,2013.0,14
The Beginner's Guide,2015.0,14
Saints Row IV,2015.0,14
Fallout 4,2015.0,13
Sid Meier's Civilization® V,2014.0,13
South Park™: The Stick of Truth™,2014.0,12
Spiral Knights,2013.0,12
Double Action: Boogaloo,2014.0,12
Caster,2015.0,12
SPINTIRES™,2014.0,12
Five Nights at Freddy's,2015.0,12
Fallout: New Vegas,2014.0,12
Spec Ops: The Line,2014.0,12
Risk of Rain,2014.0,12
Risk of Rain,2013.0,12
Mountain,2014.0,12
Darkest Dungeon®,2015.0,12
Awesomenauts - the 2D moba,2013.0,12
Insurgency,2014.0,12
Thinking with Time Machine,2014.0,12
Euro Truck Simulator 2,2014.0,12
Cry of Fear,2015.0,12
Gang Beasts,2015.0,12
Next Car Game: Wreckfest,2014.0,12
Torchlight II,2014.0,12
Guns of Icarus Online,2015.0,12
Fractured Space,2015.0,12
Five Nights at Freddy's 4,2015.0,12
Crusader Kings II,2015.0,12
Dying Light,2015.0,12
Killing Floor 2,2015.0,11
Killing Floor,2015.0,11
Portal 2,2013.0,10
Batman™: Arkham Knight,2015.0,10
AirMech Strike,2015.0,10
Geometry Dash,2015.0,10
Hotline Miami 2: Wrong Number,2015.0,10
Survarium,2015.0,10
The Binding of Isaac: Rebirth,2015.0,10
Just Cause™ 3,2015.0,10
Tomb Raider,2014.0,10
Hero Siege,2015.0,10
Half-Life 2,2015.0,10
Aura Kingdom,2014.0,10
Hotline Miami,2013.0,10
Medieval Engineers,2015.0,10
Watch_Dogs™,2014.0,10
Super MNC,2014.0,10
The Escapists,2015.0,10
60 Seconds!,2015.0,10
Blacklight: Retribution,2014.0,10
Just Cause 2,2015.0,10
BioShock™,2014.0,10
Castle Crashers®,2014.0,10
Evolve Stage 2,2015.0,10
Castle Crashers®,2013.0,10
Vindictus,2014.0,10
Antichamber,2014.0,10
The Stanley Parable,2014.0,10
The Walking Dead: Season 2,2014.0,10
Ace of Spades: Battle Builder,2014.0,10
AirMech Strike,2013.0,10
Super MNC,2012.0,10
Fallout: New Vegas,2015.0,10
Arma 2: Operation Arrowhead,2014.0,9
Amnesia: The Dark Descent,2014.0,9
Arma 3,2013.0,9
No More Room in Hell,2013.0,9
Receiver,2014.0,9
Left 4 Dead 2,2015.0,9
To the Moon,2014.0,9
Little Inferno,2013.0,9
Half-Life 2,2014.0,9
Star Trek Online,2013.0,9
Turbo Dismount™,2015.0,9
PlanetSide 2,2015.0,9
Five Nights at Freddy's 3,2015.0,9
Crypt of the NecroDancer,2015.0,9
Besiege,2015.0,9
BeamNG.drive,2015.0,9
One Finger Death Punch,2015.0,9
Super Amazing Wagon Adventure,2014.0,9
Brutal Legend,2013.0,9
Warface,2015.0,9
Shower With Your Dad Simulator 2015: Do You Still Shower With Your Dad,2015.0,9
One Finger Death Punch,2014.0,9
Banished,2015.0,9
Saints Row: The Third,2014.0,9
Counter-Strike Nexon: Zombies,2015.0,8
MapleStory,2015.0,8
Counter-Strike Nexon: Zombies,2014.0,8
Plague Inc: Evolved,2015.0,8
New kind of adventure,2015.0,8
Magicka,2013.0,8
Mountain,2015.0,8
Just Cause 2,2014.0,8
DARK SOULS™ II,2015.0,8
Strife®,2015.0,8
The Binding of Isaac,2013.0,8
The Binding of Isaac,2012.0,8
Tactical Intervention,2015.0,8
Spec Ops: The Line,2015.0,8
Tactical Intervention,2014.0,8
Block N Load,2015.0,8
Block N Load,2014.0,8
Squad,2015.0,8
Star Conflict,2014.0,8
Dust: An Elysian Tail,2014.0,8
Kerbal Space Program,2014.0,8
BioShock Infinite,2015.0,8
Batman: Arkham City - Game of the Year Edition,2013.0,8
Retro City Rampage™ DX,2015.0,8
I am Bread,2015.0,8
Dino D-Day,2014.0,8
Assassin’s Creed® IV Black Flag™,2013.0,8
Guns of Icarus Online,2014.0,8
The Expendabros,2015.0,8
Call of Duty®: Black Ops III,2015.0,8
Romero's Aftermath,2015.0,8
Far Cry 3,2014.0,8
Far Cry 3 - Blood Dragon,2014.0,8
Saints Row IV,2013.0,8
Ace of Spades: Battle Builder,2013.0,8
Viridi,2015.0,8
Europa Universalis IV,2014.0,8
Game Dev Tycoon,2013.0,8
Tribes: Ascend,2013.0,8
Broforce,2015.0,8
Estranged: Act I,2015.0,8
Torchlight II,2013.0,8
The Long Dark,2015.0,8
Duck Game,2015.0,8
Bad Rats: the Rats' Revenge,2015.0,7
XCOM: Enemy Unknown,2014.0,7
Mabinogi,2014.0,7
Left 4 Dead 2,2012.0,7
Just Cause 2,2012.0,6
Mount Your Friends,2014.0,6
Layers of Fear,2015.0,6
Far Cry 3 - Blood Dragon,2015.0,6
LYNE,2015.0,6
LYNE,2014.0,6
LUFTRAUSERS,2014.0,6
LIMBO,2013.0,6
Dead Pixels,2014.0,6
LEGO® Marvel™ Super Heroes,2014.0,6
King’s Bounty: Legions,2014.0,6
Garry's Mod,2012.0,6
Kingdoms of Amalur: Reckoning™,2014.0,6
Elsword,2015.0,6
Elsword,2013.0,6
Dream,2014.0,6
Kingdom: Classic,2015.0,6
McPixel,2013.0,6
Dino D-Day,2013.0,6
Men of War: Assault Squad 2,2014.0,6
Dino D-Day,2015.0,6
Dishonored,2014.0,6
Dishonored,2015.0,6
Don't Starve Together,2014.0,6
Middle-earth™: Shadow of Mordor™,2015.0,6
Darkwind: War on Wheels,2014.0,6
How to Survive,2013.0,6
Mirror's Edge™,2015.0,6
Mirror's Edge™,2014.0,6
DARK SOULS™: Prepare To Die™ Edition,2013.0,6
Mad Max,2015.0,6
NARUTO SHIPPUDEN: Ultimate Ninja STORM 3 Full Burst HD,2014.0,6
Spiral Knights,2011.0,6
Warface,2014.0,6
War of the Human Tanks,2014.0,6
Super Crate Box,2013.0,6
State of Decay,2015.0,6
State of Decay,2013.0,6
Verdun,2015.0,6
Valkyria Chronicles™,2014.0,6
Natural Selection 2,2013.0,6
Fallen Earth Free2Play,2012.0,6
Antichamber,2013.0,6
Call of Duty®: Modern Warfare® 2,2014.0,6
Blockland,2013.0,6
Prison Architect,2014.0,6
Reus,2014.0,6
UnEpic,2014.0,6
South Park™: The Stick of Truth™,2015.0,6
To the Moon,2015.0,6
Transformice,2015.0,6
Brutal Legend,2015.0,6
Amnesia: The Dark Descent,2015.0,6
Amnesia: The Dark Descent,2013.0,6
Scribblenauts Unlimited,2014.0,6
Skullgirls,2015.0,6
Tomb Raider,2013.0,6
Super Crate Box,2015.0,6
A Bird Story,2014.0,6
Prison Architect,2013.0,6
Super Sanctum TD,2015.0,6
Talisman: Digital Edition,2015.0,6
The Binding of Isaac: Afterbirth,2015.0,6
BLOCKADE 3D,2015.0,6
Crusader Kings II,2014.0,6
Crusader Kings II,2013.0,6
Survivalist,2015.0,6
Nuclear Throne,2014.0,6
Bastion,2014.0,6
Zombie Panic! Source,2013.0,6
Counter-Strike: Source,2014.0,6
Octodad: Dadliest Catch,2015.0,6
Cortex Command,2014.0,6
Shovel Knight: Treasure Trove,2014.0,6
"Papers, Please",2014.0,6
"Papers, Please",2015.0,6
XCOM: Enemy Unknown,2015.0,6
Portal 2,2012.0,6
Portal,2011.0,6
Batman™: Arkham Origins,2014.0,6
The Stanley Parable,2013.0,6
Contagion,2014.0,6
Super Meat Boy,2014.0,5
Ampu-Tea,2015.0,5
Killing Floor,2012.0,5
Bad Rats: the Rats' Revenge,2014.0,5
BioShock Infinite,2013.0,5
"Star Wars: Battlefront 2 (Classic, 2005)",2015.0,5
Eldevin,2014.0,5
TERA,2015.0,5
Amazing World™,2015.0,5
Super MNC,2013.0,5
The Walking Dead,2014.0,5
SNOW,2015.0,5
Hero Siege,2014.0,5
theHunter Classic,2015.0,5
Vindictus,2015.0,5
You Must Build A Boat,2015.0,5
Rage Runner,2014.0,5
Castle Crashers®,2012.0,5
Velvet Sundown,2014.0,5
Flesh Eaters,2015.0,5
Unturned - Permanent Gold Upgrade,2015.0,5
theHunter Classic,2014.0,5
Freestyle 2: Street Basketball,2015.0,5
Call of Duty®: Ghosts,2014.0,5
Demolition Inc.,2014.0,5
Aura Kingdom,2015.0,5
Neverwinter,2014.0,5
DC Universe™ Online,2014.0,5
DC Universe™ Online,2012.0,5
Neverwinter,2013.0,5
Far Cry 3,2013.0,4
how do you Do It?,2015.0,4
The Desolate Hope,2015.0,4
Half-Life,2014.0,4
You Have to Win the Game,2015.0,4
The Elder Scrolls® Online: Tamriel Unlimited™,2015.0,4
The Expendabros,2014.0,4
Torchlight II,2012.0,4
Yet Another Zombie Defense,2015.0,4
Yet Another Zombie Defense,2014.0,4
Far Cry® 4,2014.0,4
FarSky,2014.0,4
Torchlight II,2015.0,4
Five Nights at Freddy's 2,2014.0,4
The Walking Dead,2012.0,4
Tiny Brains,2015.0,4
Unstoppable Gorg,2013.0,4
Ultra Street Fighter® IV,2014.0,4
Gotham City Impostors Free to Play,2014.0,4
Tribes: Ascend,2012.0,4
Garry's Mod,2011.0,4
Towns,2014.0,4
Grim Dawn,2013.0,4
Just Cause 2: Multiplayer Mod,2013.0,4
Hero of the Kingdom,2014.0,4
Synergy,2014.0,4
Resident Evil™ 5/ Biohazard 5®,2014.0,4
Resident Evil / biohazard HD REMASTER,2015.0,4
Long Live The Queen,2013.0,4
Long Live The Queen,2014.0,4
Lovely Planet,2014.0,4
Rake,2015.0,4
100% Orange Juice,2014.0,4
Magicite,2015.0,4
RaceRoom Racing Experience,2013.0,4
Magicka,2014.0,4
Major\Minor,2015.0,4
MapleStory,2013.0,4
Project Zomboid,2015.0,4
Primal Carnage,2013.0,4
Portal 2,2011.0,4
Poker Night 2,2013.0,4
Pixel Survivors,2015.0,4
Pixel Piracy,2015.0,4
PAYDAY™ The Heist,2014.0,4
Monday Night Combat,2013.0,4
Mount & Blade: Warband,2013.0,4
No Time To Explain Remastered,2015.0,4
Mount & Blade: Warband - Viking Conquest Reforged Edition,2015.0,4
Life is Feudal: Your Own,2014.0,4
Rock of Ages,2015.0,4
SMITE®,2015.0,4
Spec Ops: The Line,2012.0,4
Super Meat Boy,2015.0,4
Hydrophobia: Prophecy,2014.0,4
Super Meat Boy,2013.0,4
Hyperdimension Neptunia Re;Birth1 / 超次次元ゲイム ネプテューヌRe;Birth1 / 超次次元遊戲戰機少女重生1,2015.0,4
Infinity Wars: Animated Trading Card Game,2014.0,4
Stonehearth,2015.0,4
"Star Wars: Battlefront 2 (Classic, 2005)",2014.0,4
Star Conflict,2015.0,4
Star Conflict,2013.0,4
Kerbal Space Program,2015.0,4
Source Filmmaker,2014.0,4
STARWHAL,2015.0,4
Sniper Elite V2,2014.0,4
Sleeping Dogs,2014.0,4
Sleeping Dogs,2013.0,4
Simply Chess,2015.0,4
Sid Meier's Civilization® V,2015.0,4
Shadow Warrior,2015.0,4
Scribblenauts Unmasked: A DC Comics Adventure,2014.0,4
School of Dragons,2014.0,4
Saints Row: The Third,2015.0,4
Saints Row: The Third,2013.0,4
Fallout 3: Game of the Year Edition,2014.0,4
"10,000,000",2014.0,4
Bloody Trapland,2013.0,4
Dwarfs - F2P,2015.0,4
Blacklight: Retribution,2015.0,4
Endless Legend™,2015.0,4
Estranged: Act I,2014.0,4
Eternal Senia,2015.0,4
Euro Truck Simulator 2,2015.0,4
Aperture Tag: The Paint Gun Testing Initiative,2014.0,4
Counter-Strike: Source,2013.0,4
EvilQuest,2014.0,4
Dwarfs - F2P,2013.0,4
Everlasting Summer,2014.0,4
BIT.TRIP RUNNER,2015.0,4
Depression Quest,2014.0,4
Depth,2015.0,4
Call of Duty®: Advanced Warfare - Gold Edition,2015.0,4
City of Steam: Arkadia,2014.0,4
Codename CURE,2015.0,4
Comedy Quest,2015.0,4
Blacklight: Retribution,2013.0,4
Among Ripples,2015.0,4
Company of Heroes - Legacy Edition,2014.0,4
Alan Wake,2014.0,4
Bejeweled® 3,2014.0,4
Black Mesa,2015.0,4
"Cook, Serve, Delicious!",2014.0,4
Batman™: Arkham Origins,2015.0,4
Copa Petrobras de Marcas,2015.0,4
BioShock™,2015.0,4
DARK SOULS™ II: Scholar of the First Sin,2015.0,4
Electronic Super Joy,2014.0,4
BioShock Infinite,2014.0,4
Alien: Isolation,2014.0,4
Deus Ex: Human Revolution - Director's Cut,2014.0,4
Dwarfs - F2P,2014.0,4
CaesarIA,2015.0,4
Bully: Scholarship Edition,2015.0,4
FORCED: Slightly Better Edition,2015.0,4
Dungeon Defenders,2013.0,4
Borderlands: The Pre-Sequel,2015.0,4
Batman: Arkham City - Game of the Year Edition,2015.0,4
Borderlands 2,2012.0,4
Assassin's Creed 2 Deluxe Edition,2014.0,4
Dungeon Defenders,2012.0,4
Assassin's Creed® Unity,2014.0,4
Ace of Spades: Battle Builder,2015.0,4
Borderlands,2012.0,4
100% Orange Juice,2015.0,4
Dust: An Elysian Tail,2015.0,4
Bloody Trapland,2014.0,4
Dust: An Elysian Tail,2013.0,4
Battle Islands,2014.0,3
Tropico 5,2014.0,3
Battle Islands,2015.0,3
McPixel,2014.0,3
Beat Hazard,2015.0,3
Trine Enchanted Edition,2012.0,3
Dead Bits,2014.0,3
Trine 2: Complete Story,2015.0,3
Trine 2: Complete Story,2012.0,3
Crusader Kings II,2012.0,3
NEStalgia,2015.0,3
Mini Metro,2015.0,3
Mini Motor Racing EVO,2013.0,3
Total War™: ROME II - Emperor Edition,2014.0,3
Montas,2015.0,3
Ironcast,2015.0,3
Natural Selection 2,2012.0,3
Action Henk,2015.0,3
Transistor,2014.0,3
Alien Swarm,2011.0,3
Transcendence,2015.0,3
Mount Your Friends,2015.0,3
Insanely Twisted Shadow Planet,2013.0,3
Crypt of the NecroDancer,2014.0,3
Double Action: Boogaloo,2015.0,3
Verdun,2014.0,3
Downwell,2015.0,3
Defy Gravity Extended,2014.0,3
Stronghold Kingdoms,2013.0,3
Defy Gravity Extended,2015.0,3
Lethal League,2014.0,3
Legend of Grimrock,2015.0,3
Legend of Grimrock,2013.0,3
Age of Empires II HD,2014.0,3
Democracy 3,2014.0,3
Valkyria Chronicles™,2015.0,3
Age of Empires II HD,2013.0,3
Super Amazing Wagon Adventure,2015.0,3
Super Amazing Wagon Adventure,2013.0,3
Valiant Hearts: The Great War™ / Soldats Inconnus : Mémoires de la Grande Guerre™,2015.0,3
Despair,2015.0,3
LISA,2015.0,3
Dev Guy,2015.0,3
Vapour,2015.0,3
Battlefield: Bad Company™ 2,2015.0,3
UnEpic,2013.0,3
Valiant Hearts: The Great War™ / Soldats Inconnus : Mémoires de la Grande Guerre™,2014.0,3
Max Gentlemen,2014.0,3
Don't Starve: Reign of Giants,2014.0,3
Mark of the Ninja,2014.0,3
Turbo Dismount™,2014.0,3
Lucius,2015.0,3
DeathSpank,2014.0,3
Lifeless Planet Premier Edition,2014.0,3
Loadout,2015.0,3
Loadout,2013.0,3
Super Crate Box,2014.0,3
Little Inferno,2015.0,3
Unium,2015.0,3
Kingdom Rush,2014.0,3
Counter-Strike: Source,2015.0,3
Paint the Town Red,2015.0,3
Octodad: Dadliest Catch,2014.0,3
Rochard,2014.0,3
The Lord of the Rings Online™,2013.0,3
SPINTIRES™,2015.0,3
SOMA,2015.0,3
ArcheBlade™,2015.0,3
Speed Kills,2015.0,3
Rogue Legacy,2014.0,3
The Ship: Murder Party,2013.0,3
Call of Duty®: Black Ops,2014.0,3
Saints Row 2,2015.0,3
The Ship: Murder Party,2014.0,3
Rivals of Aether,2015.0,3
Risk of Rain,2015.0,3
Call of Duty®: Black Ops II,2014.0,3
Call of Duty®: Black Ops II,2015.0,3
The Ship: Murder Party,2015.0,3
The Bridge,2014.0,3
Arma 2: Operation Arrowhead,2013.0,3
The Crew™,2014.0,3
Aliens vs. Predator™,2015.0,3
Braid,2015.0,3
Slender: The Arrival,2014.0,3
Slender: The Arrival,2013.0,3
Sleeping Dogs: Definitive Edition,2015.0,3
Sky Rogue,2015.0,3
Silver Creek Falls: Chapter 1,2015.0,3
Sid Meier's Civilization® V,2013.0,3
The Darkness II,2014.0,3
Brawlhalla,2015.0,3
Brothers - A Tale of Two Sons,2014.0,3
Scribblenauts Unlimited,2013.0,3
Broken Age,2014.0,3
Arma II: DayZ Mod,2013.0,3
The Forest of Doom,2015.0,3
Sanctum 2,2015.0,3
Sanctum 2,2014.0,3
Sanctum 2,2013.0,3
ArcheBlade™,2014.0,3
Relic Hunters Zero,2015.0,3
ArcheBlade™,2013.0,3
Cortex Command,2013.0,3
Contagion,2013.0,3
"Pirates, Vikings, and Knights II",2015.0,3
Penumbra: Black Plague Gold Edition,2015.0,3
Penumbra Overture,2014.0,3
Penguins Arena: Sedna's World,2015.0,3
Paranautical Activity: Deluxe Atonement Edition,2013.0,3
POSTAL 2,2013.0,3
PAC-MAN™ Championship Edition DX+,2014.0,3
Red Orchestra 2: Heroes of Stalingrad with Rising Storm,2015.0,3
Outlast: Whistleblower DLC,2015.0,3
Counter-Strike,2014.0,3
Outlast,2013.0,3
Out There Somewhere,2015.0,3
Orcs Must Die! 2,2014.0,3
Orcs Must Die!,2011.0,3
Only If,2014.0,3
Company of Heroes 2,2015.0,3
Amnesia: The Dark Descent,2010.0,3
PlanetSide 2,2012.0,3
Tobe's Vertical Adventure,2012.0,3
Red Orchestra 2: Heroes of Stalingrad with Rising Storm,2013.0,3
The Swapper,2013.0,3
Receiver,2015.0,3
Reassembly,2015.0,3
Anomaly: Warzone Earth,2011.0,3
Fallen Earth Free2Play,2013.0,3
Blender,2015.0,3
The Witcher 2: Assassins of Kings Enhanced Edition,2014.0,3
RIFT,2013.0,3
RAGE,2013.0,3
Quake Live™,2014.0,3
Chaos Reborn,2014.0,3
Thomas Was Alone,2013.0,3
Titan Souls,2015.0,3
Plug & Play,2015.0,3
Volgarr the Viking,2014.0,3
Nidhogg,2014.0,3
Game of Thrones - A Telltale Games Series,2015.0,3
3079 -- Block Action RPG,2013.0,3
Half-Life,2015.0,3
Half-Life 2,2013.0,3
Woodle Tree Adventures,2015.0,3
Grim Fandango Remastered,2015.0,3
Funk of Titans,2015.0,3
How to Survive,2015.0,3
Heaven Island - VR MMO,2015.0,3
Dungeonland,2013.0,3
Tales of Maj'Eyal,2014.0,3
Tales from the Borderlands,2015.0,3
Fieldrunners,2012.0,3
A Story About My Uncle,2015.0,3
Bastion,2013.0,3
Ys I & II Chronicles+,2013.0,3
E.Y.E: Divine Cybermancy,2012.0,3
Gear Up,2013.0,3
Hektor,2015.0,3
Gear Up,2015.0,3
Bastion,2015.0,3
Five Nights at Freddy's 2,2015.0,3
Goats on a Bridge,2015.0,3
A Story About My Uncle,2014.0,3
Zombie Panic! Source,2015.0,3
3089 -- Futuristic Action RPG,2014.0,3
Zombie Panic! Source,2012.0,3
Hitman: Absolution™,2014.0,3
Fable - The Lost Chapters,2013.0,3
APB Reloaded,2013.0,3
Hexcells Infinite,2015.0,3
Westerado: Double Barreled,2015.0,3
WARMODE,2015.0,3
Wizorb,2013.0,3
White Noise Online,2014.0,3
theHunter: Primal,2014.0,3
Gunjitsu,2015.0,3
If My Heart Had Wings,2015.0,3
Gunpoint,2015.0,3
BLOCKADE 3D,2014.0,3
Enforcer: Police Crime Action,2015.0,3
Gunpoint,2013.0,3
War of the Human Tanks,2015.0,3
T.E.C. 3001,2014.0,3
Wings of Vi,2014.0,3
Fallen Earth Free2Play,2014.0,3
Hand of Fate,2015.0,3
Putt-Putt® Travels Through Time,2014.0,2
Poly Bridge,2015.0,2
Poker Night at the Inventory,2013.0,2
Thief™ Gold,2015.0,2
Bleed,2013.0,2
Poker Night at the Inventory,2015.0,2
Gender Bender DNA Twister Extreme,2014.0,2
Quake Live™,2015.0,2
System Shock 2,2014.0,2
Assassin’s Creed® III,2013.0,2
System Shock 2,2015.0,2
Garry's Mod,2010.0,2
The Binding of Isaac: Rebirth,2014.0,2
Primal Carnage,2015.0,2
Pregnancy,2015.0,2
"Precipice of Darkness, Episode Two",2014.0,2
Portal,2014.0,2
Colin McRae Rally,2015.0,2
Year Walk,2014.0,2
Year Walk,2015.0,2
Poker Night 2,2015.0,2
Blade Symphony,2014.0,2
Portal 2 Sixense Perceptual Pack,2013.0,2
Squishy the Suicidal Pig,2015.0,2
Anno 2205™,2015.0,2
Batman™: Arkham Origins,2013.0,2
Poker Night 2,2014.0,2
One Way Heroics,2015.0,2
Omegalodon,2015.0,2
OTTTD,2015.0,2
Counter-Strike: Global Offensive,2012.0,2
Wolfenstein: The New Order,2015.0,2
Nuclear Dawn,2015.0,2
Nosferatu: The Wrath of Malachi,2014.0,2
BioShock™,2013.0,2
Crazy Taxi,2014.0,2
Critical Mass,2014.0,2
Nightmares from the Deep: The Cursed Heart,2014.0,2
BIT.TRIP Presents... Runner2: Future Legend of Rhythm Alien,2014.0,2
Teleglitch: Die More Edition,2014.0,2
Earthworm Jim 3D,2011.0,2
Cubemen,2013.0,2
Total War™: ROME II - Emperor Edition,2015.0,2
Alien: Isolation,2015.0,2
Guncraft,2013.0,2
Geometry Dash,2014.0,2
Assassin’s Creed® IV Black Flag™,2014.0,2
"Please, Don’t Touch Anything",2015.0,2
Tom Clancy's Rainbow Six® Siege,2015.0,2
Gone Home,2013.0,2
Synergy,2012.0,2
Gotham City Impostors Free to Play,2012.0,2
Alpha Protocol™,2014.0,2
Thief,2014.0,2
Grand Ages: Medieval,2015.0,2
Grand Ages: Rome,2014.0,2
Injustice: Gods Among Us Ultimate Edition,2014.0,2
PAYDAY 2: The OVERKILL Pack,2015.0,2
PAYDAY 2: The Alesso Heist,2015.0,2
PAC-MAN™ and the Ghostly Adventures,2014.0,2
Bitweb,2015.0,2
Overgrowth,2014.0,2
Worms Crazy Golf,2014.0,2
GRID 2,2015.0,2
Bleed,2015.0,2
Serious Sam HD: The First Encounter,2014.0,2
SimplePlanes,2015.0,2
Space Hulk,2014.0,2
Borderlands,2015.0,2
Boring Man - Online Tactical Stickman Combat,2015.0,2
Shelter,2015.0,2
BIT.TRIP CORE,2013.0,2
Shadow Warrior,2013.0,2
The Flock,2015.0,2
Serious Sam Double D XXL,2015.0,2
The Wolf Among Us,2014.0,2
Serious Sam 2,2013.0,2
Secret of the Magic Crystals,2014.0,2
Secret Ponchos,2015.0,2
Far Cry 3,2015.0,2
140,2014.0,2
Fighties,2015.0,2
Bus Driver,2014.0,2
STAR WARS™ - Knights of the Old Republic™,2015.0,2
Borderlands,2013.0,2
Sins of a Solar Empire®: Rebellion,2013.0,2
Sins of a Solar Empire®: Rebellion,2014.0,2
"Sir, You Are Being Hunted",2014.0,2
Source Filmmaker,2012.0,2
Sonic & All-Stars Racing Transformed,2014.0,2
Blood Bowl® Legendary Edition,2014.0,2
Soldier Front 2,2013.0,2
The Elder Scrolls IV: Oblivion® Game of the Year Edition,2013.0,2
Sniper Elite: Nazi Zombie Army 2,2014.0,2
The Elder Scrolls IV: Oblivion® Game of the Year Edition,2015.0,2
The Elder Scrolls® Online: Tamriel Unlimited™,2014.0,2
Blood Bowl: Chaos Edition,2013.0,2
Fallout 3,2014.0,2
Fallout 3,2015.0,2
The Evil Within,2014.0,2
Skullgirls: Eliza,2015.0,2
Skullgirls,2014.0,2
Skullgirls,2013.0,2
The Evil Within,2015.0,2
"Sir, You Are Being Hunted",2015.0,2
BEEP,2015.0,2
SPORE™ Galactic Adventures,2015.0,2
Blockstorm,2015.0,2
Resident Evil 6 / Biohazard 6,2014.0,2
Frozen Synapse,2013.0,2
Zen Bound 2,2011.0,2
The Stanley Parable,2015.0,2
Red Faction Guerrilla Steam Edition,2015.0,2
Recettear: An Item Shop's Tale,2015.0,2
Recettear: An Item Shop's Tale,2014.0,2
GRID 2,2013.0,2
Alien Swarm,2015.0,2
The Walking Dead,2015.0,2
Castle Story,2014.0,2
Really Big Sky,2014.0,2
The Walking Dead: Season 2,2015.0,2
The Way of Life Free Edition,2014.0,2
Euro Truck Simulator 2,2013.0,2
Castlevania: Lords of Shadow 2,2015.0,2
The Witcher 2: Assassins of Kings Enhanced Edition,2013.0,2
Game of Thrones,2014.0,2
Resident Evil 6 / Biohazard 6,2013.0,2
Resident Evil 6 / Biohazard 6,2015.0,2
Expansion - Europa Universalis IV: El Dorado,2015.0,2
Frozen Free Fall: Snowball Fight,2015.0,2
Spec Ops: The Line,2013.0,2
Evolve Stage 2,2014.0,2
Blockstorm,2014.0,2
S.T.A.L.K.E.R.: Clear Sky,2014.0,2
Call of Duty: World at War,2015.0,2
Rocksmith® 2014 Edition - Remastered,2014.0,2
Rocksmith® 2014 Edition - Remastered,2013.0,2
Rocketbirds: Hardboiled Chicken,2014.0,2
Zombie Exodus,2015.0,2
Freddi Fish 3: The Case of the Stolen Conch Shell,2014.0,2
Europa Universalis IV,2015.0,2
Rise of Nations: Extended Edition,2015.0,2
From Dust,2014.0,2
The Sims™ 3,2014.0,2
Ricochet,2015.0,2
Call of Duty®: Modern Warfare® 2,2011.0,2
Resident Evil Revelations 2 / Biohazard Revelations 2,2015.0,2
TowerFall Ascension,2015.0,2
Minecraft: Story Mode - A Telltale Games Series,2015.0,2
Heavy Bullets,2014.0,2
Damned,2014.0,2
Middle-earth: Shadow of Mordor - Flame of Anor Rune,2014.0,2
Kung Fu Strike - The Warrior's Rise,2014.0,2
Tribes: Ascend,2014.0,2
Auditorium,2014.0,2
Ultimate Tic-Tac-Toe,2015.0,2
Knights of Pen and Paper +1 Edition,2015.0,2
Hitman: Absolution™,2015.0,2
Dinner Date,2014.0,2
Magicka,2011.0,2
Batman: Arkham Asylum Game of the Year Edition,2014.0,2
Dishonored: Dunwall City Trials,2013.0,2
Divekick,2013.0,2
Source Filmmaker,2015.0,2
Dead Space,2014.0,2
DmC: Devil May Cry,2014.0,2
Left 4 Dead,2013.0,2
Mirror's Edge™,2013.0,2
Magic 2014 — Duels of the Planeswalkers,2014.0,2
MirrorMoon EP,2013.0,2
Magicka,2015.0,2
L.A. Noire,2012.0,2
UBERMOSH,2015.0,2
Strike Suit Infinity,2014.0,2
LEGO® Worlds,2015.0,2
VVVVVV,2013.0,2
LIMBO,2014.0,2
LOVE,2014.0,2
Alan Wake,2013.0,2
Tropico 4,2014.0,2
Marlow Briggs and the Mask of Death,2014.0,2
Melody's Escape,2014.0,2
Half-Life 2: Episode Two,2015.0,2
L.A. Noire,2013.0,2
Dead Rising 2: Off the Record,2015.0,2
Half-Life 2: Episode Two,2014.0,2
Defense Grid: The Awakening,2013.0,2
LEGO® Batman™3: Beyond Gotham,2015.0,2
LEGO® Batman 2 DC Super Heroes™,2015.0,2
Turbo Pug,2015.0,2
Strike Suit Zero: Director's Cut,2014.0,2
L.A. Noire,2015.0,2
Dead Space,2015.0,2
Magic Duels,2015.0,2
DeadCore,2015.0,2
Assassin’s Creed® Liberation HD,2014.0,2
Ultra Street Fighter® IV,2015.0,2
Lucid,2013.0,2
Jazzpunk: Director's Cut,2015.0,2
Kholat,2015.0,2
Heroes Rise: The Prodigy,2014.0,2
DEFCON,2014.0,2
Deadly Premonition: The Director's Cut,2015.0,2
Super House of Dead Ninjas,2013.0,2
Super House of Dead Ninjas,2014.0,2
Lost Planet® 2,2014.0,2
Hacknet,2015.0,2
Dustforce DX,2014.0,2
NEOTOKYO,2014.0,2
AudioSurf,2014.0,2
Lord of the Rings: War in the North,2014.0,2
Teleglitch: Die More Edition,2015.0,2
Batman: Arkham Asylum Game of the Year Edition,2013.0,2
Alien Swarm,2014.0,2
Hook,2015.0,2
Strike Vector,2014.0,2
Batman: Arkham City - Game of the Year Edition,2014.0,2
Trials Evolution: Gold Edition,2014.0,2
Batman: Arkham Asylum Game of the Year Edition,2015.0,2
Astebreed: Definitive Edition,2015.0,2
"Dr. Langeskov, The Tiger, and The Terribly Cursed Emerald: A Whirlwind Heist",2015.0,2
Just Cause 2: Monster Truck DLC,2015.0,2
Deponia,2014.0,2
EPOCH,2014.0,2
Drunken Robot Pornography,2014.0,2
Deus Ex: Game of the Year Edition,2015.0,1
FlatOut 2™,2013.0,1
Left 4 Dead 2,2011.0,1
Wargame: Airland Battle,2015.0,1
"Warhammer 40,000: Space Marine",2015.0,1
Call of Duty®: Ghosts,2015.0,1
Homefront,2015.0,1
Call of Duty®: Black Ops II,2012.0,1
Ricochet,2013.0,1
Evil Genius,2013.0,1
Call of Duty®: Ghosts,2013.0,1
Fortix,2014.0,1
SPORE™,2013.0,1
Ricochet,2014.0,1
Call of Duty® 4: Modern Warfare®,2014.0,1
Wargame: Red Dragon,2014.0,1
SPORE™,2014.0,1
Hitman: Blood Money,2014.0,1
Freshman Year,2015.0,1
Hippocampal: The White Sofa,2014.0,1
The Bureau: XCOM Declassified,2013.0,1
The Secret of Monkey Island: Special Edition,2013.0,1
FlatOut: Ultimate Carnage,2013.0,1
Age of Chivalry,2013.0,1
Higurashi When They Cry Hou - Ch.1 Onikakushi,2015.0,1
Call of Duty®: Advanced Warfare - Gold Edition,2014.0,1
"Warhammer 40,000: Dawn of War II",2011.0,1
Unreal Tournament 2004: Editor's Choice Edition,2013.0,1
Flatout 3: Chaos & Destruction,2014.0,1
Rise of the Triad,2013.0,1
"Warhammer 40,000: Dawn of War II",2015.0,1
Need For Speed: Hot Pursuit,2014.0,1
STAR WARS™ - The Force Unleashed™ Ultimate Sith Edition,2014.0,1
Jet Set Radio,2015.0,1
Sid Meier's Civilization®: Beyond Earth™,2015.0,1
Sid Meier's Pirates!,2015.0,1
Fallout 3: Game of the Year Edition,2015.0,1
Fable Anniversary,2015.0,1
Battlefield: Bad Company™ 2,2013.0,1
"I Have No Mouth, and I Must Scream",2015.0,1
Dragon Age: Origins - Ultimate Edition,2014.0,1
Advent Rising,2014.0,1
Fallout 3: Game of the Year Edition,2013.0,1
Just Cause,2015.0,1
Fallout 3: Game of the Year Edition,2012.0,1
SlamIt Pinball Big Score,2012.0,1
Bone: Out From Boneville,2014.0,1
Victoria II,2015.0,1
Fable Anniversary,2014.0,1
Fallout 2: A Post Nuclear Role Playing Game,2014.0,1
Battlefield: Bad Company™ 2,2011.0,1
IL-2 Sturmovik: 1946,2010.0,1
Super Killer Hornet: Resurrection,2015.0,1
Imperial Glory,2015.0,1
Sniper: Ghost Warrior,2011.0,1
Duke Nukem Forever,2011.0,1
The Elder Scrolls III: Morrowind® Game of the Year Edition,2015.0,1
The Elder Scrolls III: Morrowind® Game of the Year Edition,2013.0,1
Duke Nukem Forever,2013.0,1
Insaniquarium Deluxe,2014.0,1
The Deer God,2015.0,1
Indie Game: The Movie,2015.0,1
Killing Floor,2011.0,1
Fallout Tactics: Brotherhood of Steel,2013.0,1
STAR WARS™ Knights of the Old Republic™ II - The Sith Lords™,2015.0,1
Farming Simulator 15,2015.0,1
STAR WARS™ Republic Commando™,2013.0,1
STAR WARS™ Republic Commando™,2014.0,1
STAR WARS™ Republic Commando™,2015.0,1
STAR WARS™: TIE Fighter Special Edition,2015.0,1
F.E.A.R. 3,2012.0,1
The Cave,2014.0,1
The Impossible Game,2014.0,1
Take On Helicopters,2014.0,1
Bus-Simulator 2012,2013.0,1
Wargame: Airland Battle,2014.0,1
Burnout Paradise: The Ultimate Box,2015.0,1
Saints Row: Gat out of Hell,2015.0,1
Wargame: Airland Battle,2013.0,1
Farming Simulator 15,2014.0,1
Sid Meier's Civilization® V,2012.0,1
F.E.A.R. 3,2015.0,1
Supreme Commander 2,2015.0,1
FEZ,2013.0,1
The Darkness II,2013.0,1
Secret Files: Tunguska,2015.0,1
Kung Fury: Street Rage,2015.0,1
Section 8®: Prejudice™,2011.0,1
Section 8®: Prejudice™,2013.0,1
Supreme Commander 2,2014.0,1
Supreme Commander 2,2010.0,1
Battlefield: Bad Company™ 2,2014.0,1
Ship Simulator Extremes,2015.0,1
Fallout: A Post Nuclear Role Playing Game,2015.0,1
Saints Row: The Third,2012.0,1
3D Ultra™ Minigolf Adventures,2011.0,1
Audiosurf 2,2014.0,1
Tokyo School Life,2015.0,1
Empire: Total War™,2010.0,1
Overlord II,2011.0,1
Overlord™,2011.0,1
Grand Theft Auto III,2014.0,1
Damned,2015.0,1
Torchlight,2011.0,1
Darkest Hour: A Hearts of Iron Game,2013.0,1
PAYDAY™ The Heist,2012.0,1
Minimum,2015.0,1
Minimum,2014.0,1
PAYDAY™ The Heist,2015.0,1
Half-Life 2: Deathmatch,2013.0,1
"Star Wars: Battlefront 2 (Classic, 2005)",2013.0,1
Empire: Total War™,2013.0,1
Worms Revolution,2013.0,1
Alien Breed 2: Assault,2014.0,1
Might & Magic X - Legacy,2014.0,1
Peggle Deluxe,2014.0,1
Peggle Extreme,2013.0,1
Worms Revolution,2014.0,1
Day of Defeat: Source,2014.0,1
Phantom Breaker: Battle Grounds,2015.0,1
Pillars of Eternity,2015.0,1
Empire: Total War™,2014.0,1
X-COM: UFO Defense,2011.0,1
X-COM: UFO Defense,2015.0,1
Go! Go! Nippon! ~My First Trip to Japan~,2014.0,1
Company of Heroes 2,2014.0,1
Commandos: Behind Enemy Lines,2015.0,1
Grand Theft Auto: San Andreas,2014.0,1
Worms Armageddon,2015.0,1
Back to the Future: The Game,2015.0,1
OMSI 2: Steam Edition,2014.0,1
D.I.P.R.I.P. Warm Up,2014.0,1
Narcissu 1st & 2nd,2015.0,1
Crysis,2014.0,1
HELLDIVERS™,2015.0,1
Total War™: ROME II - Emperor Edition,2013.0,1
Napoleon: Total War™,2013.0,1
Total War: ROME II - Blood & Gore,2014.0,1
Napoleon: Total War™,2011.0,1
Nancy Drew®: Legend of the Crystal Skull,2014.0,1
TrackMania Nations Forever,2013.0,1
Binary Domain,2014.0,1
NotGTAV,2015.0,1
Train Simulator,2012.0,1
Counter-Strike: Source,2012.0,1
Half-Life 2,2012.0,1
Train Simulator,2013.0,1
DLC Quest,2014.0,1
Woodcutter Simulator 2013,2014.0,1
Counter-Strike: Condition Zero,2015.0,1
Oddworld: Abe's Oddysee®,2013.0,1
Oddworld: Abe's Oddysee®,2014.0,1
Train Simulator,2014.0,1
One Day For Ched,2014.0,1
DYNASTY WARRIORS 8: Xtreme Legends Complete Edition / 真・三國無双７ with 猛将伝,2014.0,1
One Piece Pirate Warriors 3,2015.0,1
Mortal Kombat X,2015.0,1
Mortal Kombat Komplete Edition,2015.0,1
Operation Flashpoint: Dragon Rising,2014.0,1
Microsoft Flight Simulator X: Steam Edition,2015.0,1
XCOM: Enemy Unknown,2013.0,1
Command & Conquer 4: Tiberian Twilight,2011.0,1
Cities in Motion,2012.0,1
Cities XL Platinum,2013.0,1
Child of Light,2015.0,1
Child of Light,2014.0,1
BlazBlue: Calamity Trigger,2014.0,1
Ultimate Doom,2015.0,1
PuzzleQuest: Challenge of the Warlords,2011.0,1
QUAKE,2012.0,1
Dead Space,2011.0,1
Game of Thrones - A Telltale Games Series,2014.0,1
Magic: The Gathering - Duels of the Planeswalkers 2013,2013.0,1
The Wolf Among Us,2013.0,1
Magic 2015 - Duels of the Planeswalkers,2014.0,1
Mafia II,2014.0,1
Madballs in Babo:Invasion,2010.0,1
Ultra Street Fighter® IV,2013.0,1
MX vs. ATV Reflex,2012.0,1
METAL SLUG 3,2014.0,1
THE KING OF FIGHTERS XIII STEAM EDITION,2014.0,1
Spelunky,2015.0,1
METAL GEAR RISING: REVENGEANCE,2014.0,1
Hate Plus,2013.0,1
Spelunky,2013.0,1
Red Faction Guerrilla Steam Edition,2014.0,1
THE KING OF FIGHTERS XIII STEAM EDITION,2015.0,1
Call of Juarez® Gunslinger,2014.0,1
Hearts of Iron III,2013.0,1
Age of Empires II HD,2015.0,1
Call of Duty®: Modern Warfare® 2,2015.0,1
"Warhammer® 40,000: Dawn of War® - Dark Crusade",2015.0,1
Airport Simulator 2014,2015.0,1
PAYDAY™ The Heist,2013.0,1
"Warhammer® 40,000: Dawn of War® - Game of the Year Edition",2014.0,1
Portal,2012.0,1
Metro: Last Light Redux,2015.0,1
Plants vs. Zombies GOTY Edition,2015.0,1
Platypus II,2015.0,1
Half-Life 2: Episode One,2014.0,1
Command & Conquer 3: Tiberium Wars,2014.0,1
Men of War: Assault Squad,2014.0,1
Men of War: Assault Squad,2013.0,1
Half-Life 2: Lost Coast,2012.0,1
Stick RPG 2: Director's Cut,2014.0,1
Half-Life 2: Lost Coast,2013.0,1
Tiny and Big: Grandpa's Leftovers,2014.0,1
Half-Life 2: Lost Coast,2014.0,1
Portal,2010.0,1
Tiny and Big: Grandpa's Leftovers,2013.0,1
"Warhammer® 40,000: Dawn of War® II Chaos Rising",2015.0,1
"Warhammer® 40,000: Dawn of War® - Soulstorm",2015.0,1
Portal,2015.0,1
AudioSurf,2012.0,1
Thomas Was Alone,2015.0,1
Max Payne,2014.0,1
AudioSurf,2013.0,1
Mass Effect 2,2015.0,1
Max Payne 3,2014.0,1
Civilization IV: Beyond the Sword,2010.0,1
Autocraft,2015.0,0
Assassin’s Creed® III,2015.0,0
Terrorhedron Tower Defense,2015.0,0
Axel & Pixel,2015.0,0
The Collider,2015.0,0
Assassin’s Creed® IV Black Flag™,2015.0,0
TerraTech,2015.0,0
Assassin’s Creed® Chronicles: China,2015.0,0
Team Fortress Classic,2015.0,0
FaceRig,2015.0,0
Assassin’s Creed® Brotherhood,2015.0,0
Unearthed: Trail of Ibn Battuta - Episode 1 - Gold Edition,2014.0,0
APB Reloaded,2015.0,0
ARMA: Cold War Assault,2014.0,0
War for the Overworld,2015.0,0
War Thunder - Steam Pack,2014.0,0
WAKFU,2015.0,0
Voxelized,2015.0,0
Vox,2015.0,0
Vitrum,2014.0,0
Act of Aggression - Reboot Edition,2015.0,0
Villagers and Heroes,2015.0,0
Villagers and Heroes,2014.0,0
Vigil: Blood Bitterness™,2014.0,0
Victory At Sea,2014.0,0
Verdun,2013.0,0
Velvet Sundown,2015.0,0
Adventure Park,2014.0,0
Vector,2014.0,0
Afterlife Empire,2015.0,0
Uriel's Chasm,2015.0,0
Urban Trial Freestyle,2014.0,0
Agarest: Generations of War,2014.0,0
A.V.A. Alliance of Valiant Arms™,2015.0,0
A.V.A. Alliance of Valiant Arms™,2014.0,0
A.V.A. Alliance of Valiant Arms™,2013.0,0
You Have to Win the Game,2014.0,0
12 Labours of Hercules II: The Cretan Bull,2015.0,0
resident evil 4 / biohazard 4,2014.0,0
nail'd,2014.0,0
bit Dungeon II,2015.0,0
bit Dungeon II,2014.0,0
Zombie Army Trilogy,2015.0,0
Zigfrak,2014.0,0
ZOMBI,2015.0,0
8BitMMO,2013.0,0
8BitMMO,2014.0,0
"Warhammer 40,000: Kill Team",2015.0,0
8BitMMO,2015.0,0
99 Levels To Hell,2014.0,0
X3: Terran Conflict,2015.0,0
X Rebirth,2014.0,0
Worms Clan Wars,2013.0,0
World of Guns: Gun Disassembly,2014.0,0
Without Within,2015.0,0
Waveform,2015.0,0
Watch_Dogs™,2015.0,0
Universal Combat CE,2015.0,0
Agricultural Simulator 2013 - Steam Edition,2014.0,0
Assassin's Creed® Unity,2015.0,0
Airport Simulator 2014,2014.0,0
Time Ramesside (A New Reckoning),2014.0,0
And Yet It Moves,2011.0,0
Thirty Flights of Loving,2013.0,0
Thief,2015.0,0
The Wolf Among Us,2015.0,0
Anno Online,2015.0,0
Another Perspective,2015.0,0
ArcheAge,2015.0,0
The Stalin Subway,2014.0,0
The Showdown Effect,2014.0,0
The Settlers Online,2015.0,0
The Sandbox,2015.0,0
The Park,2015.0,0
The Moon Sliver,2014.0,0
The Mean Greens - Plastic Warfare,2015.0,0
The Kings' Crusade,2012.0,0
The Interview,2015.0,0
The Hat Man: Shadow Ward,2015.0,0
Arma II: DayZ Mod,2014.0,0
The Fifth Day,2015.0,0
Assassin's Creed 2 Deluxe Edition,2015.0,0
Anarchy Arcade,2015.0,0
Tiny Troopers,2014.0,0
Titan Attacks!,2015.0,0
Train Simulator,2015.0,0
Two Worlds II HD,2014.0,0
Tryst,2013.0,0
Tropico Reloaded,2014.0,0
Tropico 5,2015.0,0
Tropico 3,2015.0,0
Trino,2015.0,0
Trine 3: The Artifacts of Power,2015.0,0
Trials Evolution: Gold Edition,2015.0,0
Trapped Dead,2014.0,0
TrackMania² Stadium,2014.0,0
Anarchy Arcade,2014.0,0
TrackMania² Canyon,2014.0,0
Toy Soldiers: Complete,2014.0,0
Total War Battles: KINGDOM,2015.0,0
Alone in the Dark,2015.0,0
Alpha Kimori™ 1,2014.0,0
Alpha Prime,2014.0,0
Tomb Raider: Tomb of the Lost Adventurer,2014.0,0
Tomb Raider I,2015.0,0
America's Army: Proving Grounds,2014.0,0
BIT.TRIP FATE,2013.0,0
Ragnarok Online 2,2014.0,0
Tales of Zestiria,2015.0,0
L.A. Noire,2014.0,0
Dragon Nest,2013.0,0
Karate Master 2 Knock Down Blow,2015.0,0
Disney•Pixar Cars 2: The Video Game,2015.0,0
Dinosaur Hunt,2015.0,0
Kingdom Wars,2014.0,0
Devil May Cry® 3 Special Edition,2014.0,0
LARA CROFT AND THE TEMPLE OF OSIRIS™,2014.0,0
Might & Magic® Heroes® VII,2015.0,0
LEGO Batman,2014.0,0
Deus Ex: The Fall,2014.0,0
LEGO® Marvel™ Super Heroes,2015.0,0
LEGO® The Hobbit™,2014.0,0
La-Mulana,2013.0,0
Lambda Wars Beta,2015.0,0
Dream,2015.0,0
Jet Set Radio,2014.0,0
Jazzpunk: Director's Cut,2014.0,0
Jagged Alliance Flashback,2015.0,0
Jack Nicklaus Perfect Golf,2015.0,0
Iron Warriors: T - 72 Tank Command,2013.0,0
Invisible Apartment,2015.0,0
Intrusion 2,2014.0,0
Interstellar Marines,2015.0,0
Instant Dungeon!,2014.0,0
Injustice: Gods Among Us Ultimate Edition,2013.0,0
Duke Nukem Forever,2014.0,0
Industry Empire,2014.0,0
Impire,2014.0,0
Iesabel,2013.0,0
INSURGENCY: Modern Infantry Combat,2015.0,0
I am Bread,2014.0,0
Lead and Gold: Gangs of the Wild West,2015.0,0
Demonlisher,2014.0,0
Democracy 2,2014.0,0
Dead Rising 2: Off the Record,2014.0,0
Might & Magic Heroes Online,2015.0,0
Day One : Garry's Incident,2014.0,0
Mercenary Kings,2014.0,0
Men of War: Vietnam,2011.0,0
Men of War: Assault Squad 2,2015.0,0
Memento Mori 2,2015.0,0
Mega Man Legacy Collection / ロックマン クラシックス コレクション,2015.0,0
Dead Bits,2015.0,0
Medal of Honor™,2014.0,0
Dead Effect,2015.0,0
Max Payne 2: The Fall of Max Payne,2015.0,0
Marvel Puzzle Quest,2014.0,0
Mars: War Logs,2014.0,0
Marine Sharpshooter II: Jungle Warfare,2015.0,0
Dead Rising 3 Apocalypse Edition,2014.0,0
Leisure Suit Larry in the Land of the Lounge Lizards: Reloaded,2015.0,0
Make it indie!,2015.0,0
Dead Rising® 2,2014.0,0
Magrunner: Dark Pulse,2014.0,0
Magicka 2,2015.0,0
Dead Rising® 2,2015.0,0
Deadlight,2013.0,0
Deadlight,2015.0,0
Lume,2014.0,0
Lucius,2014.0,0
Lords Of The Fallen™,2014.0,0
Deep Dungeons of Doom,2015.0,0
Deer Hunt Legends,2015.0,0
Liftoff,2015.0,0
Life is Feudal: Your Own,2015.0,0
I Am Alive,2014.0,0
Hyperdimension Neptunia Re;Birth2: Sisters Generation / 超次次元ゲイム ネプテューヌRe;Birth2,2015.0,0
Dungeon Defenders Eternity,2014.0,0
Frozen Synapse,2014.0,0
Go! Go! Nippon! ~My First Trip to Japan~,2015.0,0
Gnomoria,2015.0,0
Get Off My Lawn!,2014.0,0
Enclave,2014.0,0
Genesis Online,2015.0,0
Gauntlet™ Slayer Edition,2014.0,0
Garshasp: The Monster Slayer,2014.0,0
Enclave,2015.0,0
Euro Truck Simulator,2015.0,0
Game Tycoon 1.5,2014.0,0
Galaxy on Fire 2™ Full HD,2014.0,0
Galactic Civilizations® II: Ultimate Edition,2014.0,0
GRAV,2015.0,0
G-Ball,2014.0,0
From Dust,2011.0,0
Gone Home,2014.0,0
FortressCraft Evolved!,2015.0,0
FortressCraft Evolved!,2014.0,0
Fortress Forever,2015.0,0
Flight of the Icarus,2014.0,0
Flatout 3: Chaos & Destruction,2015.0,0
Explodemon,2014.0,0
F.E.A.R. 3,2013.0,0
F.E.A.R. 3,2014.0,0
Far Cry® 4,2015.0,0
F1 2014,2014.0,0
F1 2015,2015.0,0
FINAL FANTASY TYPE-0™ HD,2015.0,0
FINAL FANTASY® XIII-2,2015.0,0
Fallen Earth Free2Play,2015.0,0
Empyrion - Galactic Survival,2015.0,0
Gone Home,2015.0,0
Dungeon Defenders II,2015.0,0
Half-Life: Before,2015.0,0
Dungeon Siege II,2015.0,0
How to Survive 2,2015.0,0
Dungeonland,2015.0,0
Dungeons and Dragons: Daggerdale,2013.0,0
Hospital Tycoon,2014.0,0
Home,2015.0,0
Hitman: Codename 47,2015.0,0
Heroes® of Might & Magic® III - HD Edition,2015.0,0
Heroes of SoulCraft - Arcade MOBA,2015.0,0
Heroes & Generals,2014.0,0
Heli Heroes,2014.0,0
Hearts of Iron III,2014.0,0
Hammerwatch,2014.0,0
Hammerfight,2014.0,0
Half-Life: Before,2013.0,0
Gotham City Impostors Free to Play,2013.0,0
Half-Life 2: Deathmatch,2015.0,0
E.Y.E: Divine Cybermancy,2013.0,0
Half Minute Hero: Super Mega Neo Climax Ultimate Boy,2015.0,0
HIS (Heroes In the Sky),2015.0,0
EVE Online,2014.0,0
Guns of Icarus Online,2013.0,0
Guns and Robots,2015.0,0
Guns and Robots,2014.0,0
Gunpoint,2014.0,0
Edge of Space,2014.0,0
Gumboy Tournament,2014.0,0
Gratuitous Space Battles,2013.0,0
Grand Theft Auto: San Andreas,2015.0,0
Gotham City Impostors Free to Play,2015.0,0
Might & Magic: Heroes VI,2014.0,0
Daikatana,2015.0,0
Tales of Maj'Eyal,2015.0,0
Shift 2 Unleashed,2014.0,0
SUPER DISTRO,2015.0,0
Brutal Legend,2014.0,0
Sang-Froid - Tales of Werewolves,2015.0,0
Savage Lands,2015.0,0
Brick-Force,2015.0,0
Shadow Harvest: Phantom Ops,2014.0,0
Signs of Life,2014.0,0
Monster Jam Battlegrounds,2015.0,0
SimCity™ 4 Deluxe Edition,2013.0,0
Skara - The Blade Remains,2014.0,0
Bloody Trapland,2015.0,0
Sleeping Dogs - High Resolution Texture Pack,2014.0,0
Smashball,2015.0,0
Sniper Elite 3,2014.0,0
SUNLESS SEA,2014.0,0
Bus-Simulator 2012,2014.0,0
STAR WARS™: The Force Unleashed™ II,2015.0,0
STAR WARS™ - Knights of the Old Republic™,2014.0,0
SPORE™,2015.0,0
CAFE 0 ~The Drowned Mermaid~,2015.0,0
Calibre 10 Racing,2015.0,0
S.T.A.L.K.E.R.: Shadow of Chernobyl,2014.0,0
Call of Duty® 4: Modern Warfare®,2015.0,0
Rush Bros.,2014.0,0
Rooms: The Main Building,2015.0,0
Call of Duty®: Advanced Warfare - Season Pass,2015.0,0
Road Redemption,2015.0,0
Rise of Venice,2013.0,0
Rise of Nations: Extended Edition,2014.0,0
Rise of Flight United,2015.0,0
Resident Evil: Operation Raccoon City,2012.0,0
Sniper Elite: Nazi Zombie Army,2014.0,0
Sniper: Ghost Warrior,2013.0,0
Sniper: Ghost Warrior,2015.0,0
Starseed Pilgrim,2014.0,0
BIT.TRIP RUNNER,2014.0,0
Tactical Intervention,2013.0,0
BRINK,2015.0,0
Sword of the Stars: The Pit,2015.0,0
Basement,2015.0,0
Super MNC,2015.0,0
Battlepillars Gold Edition,2014.0,0
Stronghold Kingdoms,2014.0,0
Stronghold Crusader HD,2014.0,0
Stronghold Crusader 2,2014.0,0
Battlestations: Midway,2014.0,0
Beach Bounce,2015.0,0
Beatbuddy: Tale of the Guardians,2014.0,0
Beyond Space Remastered Edition,2014.0,0
Starpoint Gemini 2,2014.0,0
Sniper: Ghost Warrior 2,2014.0,0
StarMade,2014.0,0
Star Trek Online,2014.0,0
Blackguards,2014.0,0
Blade Symphony,2015.0,0
Blockland,2014.0,0
SpeedRunners,2014.0,0
Blockland,2015.0,0
Spate,2014.0,0
Sparkle 2 Evo,2014.0,0
Spacebase DF-9,2015.0,0
SpaceChem,2014.0,0
Space Trader: Merchant Marine,2014.0,0
Sonic Generations Collection,2014.0,0
Soldier Front 2,2015.0,0
Resident Evil Revelations / Biohazard Revelations,2013.0,0
ReignMaker,2014.0,0
Call of Juarez®: The Cartel,2013.0,0
CubeZ,2015.0,0
Peggle Extreme,2014.0,0
Contagion,2015.0,0
Pacific Storm Allies,2014.0,0
"Cook, Serve, Delicious!",2015.0,0
PAYDAY 2: Hotline Miami,2014.0,0
Overlord: Fellowship of Evil,2015.0,0
Cosmic DJ,2014.0,0
Operation Flashpoint: Dragon Rising,2015.0,0
Counter-Strike,2015.0,0
Counter-Strike: Condition Zero,2014.0,0
Offworld Trading Company,2015.0,0
Crash Time 2,2014.0,0
Nidhogg,2015.0,0
Next Car Game: Wreckfest,2015.0,0
Nether: Resurrected,2015.0,0
Commander Keen,2013.0,0
Cubic Castles,2014.0,0
Nether: Resurrected,2013.0,0
Natural Selection 2,2015.0,0
Napoleon: Total War™,2014.0,0
NBA 2K16,2015.0,0
Murdered: Soul Suspect,2014.0,0
Murder Miners,2014.0,0
DC Universe™ Online,2015.0,0
DETOUR,2015.0,0
Mount & Blade: Warband - Napoleonic Wars,2015.0,0
DOOM 3,2014.0,0
DOOM 3 Resurrection of Evil,2015.0,0
Mortal Kombat Komplete Edition,2014.0,0
Morphopolis,2015.0,0
Pixel Puzzles: Japan,2015.0,0
Command & Conquer 4: Tiberian Twilight,2014.0,0
Red Faction®: Armageddon™,2012.0,0
Puzzle Pirates,2014.0,0
Red Crucible®: Firestorm,2015.0,0
Cannons Lasers Rockets,2014.0,0
Canyon Capers,2014.0,0
Canyon Capers,2015.0,0
Carrier Command: Gaea Mission,2014.0,0
Real Warfare 1242,2015.0,0
Castle Story,2015.0,0
RaceRoom Racing Experience,2015.0,0
RaceRoom Racing Experience,2014.0,0
Catmouth Island,2015.0,0
Rabbit Hole 3D: Steam Edition,2014.0,0
RUSH,2015.0,0
RPG Maker VX Ace,2014.0,0
ROSE Online,2013.0,0
Prototype 2,2014.0,0
Planetbase,2015.0,0
Proteus,2014.0,0
Proteus,2013.0,0
Cities XXL,2015.0,0
Pound of Ground,2013.0,0
Postal III,2015.0,0
Postal III,2014.0,0
Portal Stories: Mel,2015.0,0
Portal 2 Sixense Perceptual Pack,2014.0,0
Clown House (Palyaço Evi),2015.0,0
Port Royale 2,2013.0,0
Pool Nation FX - Unlock Online,2015.0,0
Pool Nation,2015.0,0
Pool Nation,2014.0,0
Poker Night at the Inventory,2014.0,0
theHunter: Primal,2015.0,0
